"Resource","Method","HttpMethod","UrlTemplate","InputType","ReturnType"
"ARPsAging","Describe","POST","/api/v2/ARPsAging/Describe","","String"
"ARPsAging","SettlementByAging","POST","/api/v2/ARPsAging/SettlementByAging","ARPsAging","TResult`1"
"ARPs","Describe","POST","/api/v2/ARPs/Describe","","String"
"ARPs","GetInternal","GET","/api/v2/ARPs","SelectFilter","TSelectData`1"
"ARPs","GetInternalById","GET","/api/v2/ARPs/GetInternalById","String","TResult`1"
"ARPs","PostInternal","POST","/api/v2/ARPs","ARPs","TResult`1"
"ARPs","PutInternal","PUT","/api/v2/ARPs","String, ARPs","TResult`1"
"ARPs","DeleteInternalById","DELETE","/api/v2/ARPs","String","TResult`1"
"ARPs","CustomerRisk","POST","/api/v2/ARPs/CustomerRisk","ARPsRiskParam","TResult`1"
"ARPs","CustomCustomerMainInfo","GET","/api/v2/ARPs/CustomCustomerMainInfo","SelectFilter","TSelectData`1"
"ARPTransactions","Describe","POST","/api/v2/ARPTransactions/Describe","","String"
"ARPTransactions","GetInternal","GET","/api/v2/ARPTransactions","SelectFilter","TSelectData`1"
"ARPTransactions","GetInternalById","GET","/api/v2/ARPTransactions/GetInternalById","Int32","TResult`1"
"ARPTransactions","PostInternal","POST","/api/v2/ARPTransactions","ARPTransactions","TResult`1"
"ARPTransactions","PutInternal","PUT","/api/v2/ARPTransactions","Int32, ARPTransactions","TResult`1"
"ARPTransactions","DeleteInternalById","DELETE","/api/v2/ARPTransactions","Int32","TResult`1"
"BankAccountTransaction","Describe","POST","/api/v2/BankAccountTransaction/Describe","","String"
"BankAccountTransaction","GetInternal","GET","/api/v2/BankAccountTransaction","SelectFilter","TSelectData`1"
"BankAccountTransaction","GetInternalById","GET","/api/v2/BankAccountTransaction/GetInternalById","String","TResult`1"
"BankAccountTransaction","PostInternal","POST","/api/v2/BankAccountTransaction","BankAccountTransaction","TResult`1"
"BankAccountTransaction","PutInternal","PUT","/api/v2/BankAccountTransaction","String, BankAccountTransaction","TResult`1"
"BankAccountTransaction","DeleteInternalById","DELETE","/api/v2/BankAccountTransaction","String","TResult`1"
"BankRemittanceTransfer","Describe","POST","/api/v2/BankRemittanceTransfer/Describe","","String"
"BankRemittanceTransfer","GetInternal","GET","/api/v2/BankRemittanceTransfer","SelectFilter","TSelectData`1"
"BankRemittanceTransfer","GetInternalById","GET","/api/v2/BankRemittanceTransfer/GetInternalById","String","TResult`1"
"BankRemittanceTransfer","PostInternal","POST","/api/v2/BankRemittanceTransfer","BankRemittanceTransfer","TResult`1"
"BankRemittanceTransfer","PutInternal","PUT","/api/v2/BankRemittanceTransfer","String, BankRemittanceTransfer","TResult`1"
"BankRemittanceTransfer","DeleteInternalById","DELETE","/api/v2/BankRemittanceTransfer","String","TResult`1"
"BatchInvoicing","PostInternal","POST","/api/v2/BatchInvoicing","BatchInvoicing","TResult`1"
"BOM","GetInternal","GET","/api/v2/BOM","SelectFilter","TSelectData`1"
"BOM","PostInternal","POST","/api/v2/BOM","BOM","TResult`1"
"BOM","DeleteBOMItem","DELETE","/api/v2/BOM/DeleteBOMItem","BOMItemDeleteParam","TResult`1"
"CheckAndPNotesMain","GetInternal","GET","/api/v2/CheckAndPNotesMain","JTCekSenType, SelectFilter","TSelectData`1"
"CheckAndPNotesMain","PostInternal","POST","/api/v2/CheckAndPNotesMain","CheckAndPNotesMain","TResult`1"
"CheckAndPNotesMain","GetInternalById","GET","/api/v2/CheckAndPNotesMain/GetInternalById","String","TResult`1"
"CheckAndPNotesMain","GetInternalByParam","GET","/api/v2/CheckAndPNotesMain/GetInternalByParam","CheckAndPNotesMainParam","TResult`1"
"CheckAndPNotesMain","DeleteInternalById","DELETE","/api/v2/CheckAndPNotesMain","String","TResult`1"
"CheckAndPNotesMain","DeleteInternalByParam","DELETE","/api/v2/CheckAndPNotesMain/DeleteInternalByParam","CheckAndPNotesMainParam","TResult`1"
"CheckAndPNoteStatements","Describe","POST","/api/v2/CheckAndPNoteStatements/Describe","","String"
"CheckAndPNoteStatements","CheckPNotesStatementPayment","POST","/api/v2/CheckAndPNoteStatements/CheckPNotesStatementPayment","CheckPNotesStatementPaymentParam","TResult`1"
"CheckAndPNoteStatements","DebitCheckPNotesStatementPayment","POST","/api/v2/CheckAndPNoteStatements/DebitCheckPNotesStatementPayment","DebitCheckPNotesStatementPaymentParam","TResult`1"
"Companies","Describe","POST","/api/v2/Companies/Describe","","String"
"Companies","GetInternal","GET","/api/v2/Companies","SelectFilter","TSelectData`1"
"Companies","GetInternalById","GET","/api/v2/Companies/GetInternalById","String","TResult`1"
"Company","Describe","POST","/api/v2/Company/Describe","","String"
"Company","ExecuteReport","POST","/api/v2/Company/ExecuteReport","ExecuteReportParam","TResult`1"
"Company","ExecuteOpenRecipeAnalysis","POST","/api/v2/Company/ExecuteOpenRecipeAnalysis","ExecuteOpenRecipeAnalysisParam","TResult`1"
"Company","BringBalance","POST","/api/v2/Company/BringBalance","ItemBalances","TResult`1"
"Company","ArpsMovementControl","POST","/api/v2/Company/ArpsMovementControl","ArpsMovementControlParam","TResult`1"
"Company","ChangeArpsCode","PUT","/api/v2/Company/ChangeArpsCode","ChangeArpsCodeParam","TResult`1"
"Company","SendEmail","POST","/api/v2/Company/SendEmail","SendEmailParam","TResult`1"
"Company","ChangeItemSlipNumber","PUT","/api/v2/Company/ChangeItemSlipNumber","ChangeItemSlipNumberParam","TResult`1"
"Company","ExecuteVisualReportDraft","POST","/api/v2/Company/ExecuteVisualReportDraft","ExecuteVisualReportDraftParam","TResult`1"
"Company","RecipeStockLinkCreate","POST","/api/v2/Company/RecipeStockLinkCreate","","TResult`1"
"Company","StockMotionCheck","POST","/api/v2/Company/StockMotionCheck","StockMotionCheckParam","TResult`1"
"Company","StockCodeChange","POST","/api/v2/Company/StockCodeChange","StockCodeChangeParam","TResult`1"
"Company","JournalCheck","POST","/api/v2/Company/JournalCheck","JournalCheckParam","TResult`1"
"Company","ArpsBalanceExchangeDiff","POST","/api/v2/Company/ArpsBalanceExchangeDiff","ARPsExRatesInfo","TResult`1"
"Company","MontlyVoucherTransfer","POST","/api/v2/Company/MontlyVoucherTransfer","MontlyVoucherTransferParam","TResult`1"
"Company","AccountTransfer","POST","/api/v2/Company/AccountTransfer","AccountTransferParam","TResult`1"
"Company","SetModuleProcessType","POST","/api/v2/Company/SetModuleProcessType","ModuleProcessTypeParam","TResult`1"
"Company","HasSpecialParameter","POST","/api/v2/Company/HasSpecialParameter","HasSpecialParameterParam","TResult`1"
"Company","GetCompanyCode","GET","/api/v2/Company/GetCompanyCode","","TResult`1"
"ContractsMain","GetInternalById","GET","/api/v2/ContractsMain/GetInternalById","String","TResult`1"
"DemandOffer","Describe","POST","/api/v2/DemandOffer/Describe","","String"
"DemandOffer","PostInternal","POST","/api/v2/DemandOffer","DemandOffer","TResult`1"
"DemandOffer","ConvertToOffer","POST","/api/v2/DemandOffer/ConvertToOffer","ConvertToOfferParam","TResult`1"
"DemandOffer","ConvertToOrder","POST","/api/v2/DemandOffer/ConvertToOrder","ConvertToOrderParam","TResult`1"
"DemandOffer","NewNumber","POST","/api/v2/DemandOffer/NewNumber","ItemSlipsCodeParam","TResult`1"
"DocumentLocking","Describe","POST","/api/v2/DocumentLocking/Describe","","String"
"DocumentLocking","GetProductionOrderLocking","GET","/api/v2/DocumentLocking/GetProductionOrderLocking","ProductionOrderLockingParam","TResult`1"
"DocumentLocking","SaveProductionOrderLocking","POST","/api/v2/DocumentLocking/SaveProductionOrderLocking","ProductionOrderLocking","TResult`1"
"DocumentLocking","GetBOMLocking","GET","/api/v2/DocumentLocking/GetBOMLocking","BOMLockingParam","TResult`1"
"DocumentLocking","SaveBOMLocking","POST","/api/v2/DocumentLocking/SaveBOMLocking","BOMLocking","TResult`1"
"DocumentLocking","GetMaintenanceOrderLocking","GET","/api/v2/DocumentLocking/GetMaintenanceOrderLocking","MaintenanceOrderLockingParam","TResult`1"
"DocumentLocking","SaveMaintenanceOrderLocking","POST","/api/v2/DocumentLocking/SaveMaintenanceOrderLocking","MaintenanceOrderLocking","TResult`1"
"DocumentLocking","GetGLSlipsLocking","GET","/api/v2/DocumentLocking/GetGLSlipsLocking","GLSlipsLockingParam","TResult`1"
"DocumentLocking","SaveGLSlipsLocking","POST","/api/v2/DocumentLocking/SaveGLSlipsLocking","GLSlipsLocking","TResult`1"
"DocumentLocking","GetItemSlipsLocking","GET","/api/v2/DocumentLocking/GetItemSlipsLocking","ItemSlipsLockingParam","TResult`1"
"DocumentLocking","SaveItemSlipsLocking","POST","/api/v2/DocumentLocking/SaveItemSlipsLocking","ItemSlipsLocking","TResult`1"
"DynamicWarehsSlips","PostInternal","POST","/api/v2/DynamicWarehsSlips","DynamicWarehsSlips","TResult`1"
"EDocument","Describe","POST","/api/v2/EDocument/Describe","","String"
"EDocument","PostInternal","POST","/api/v2/EDocument","EDocument","TResult`1"
"EDocument","ShowEDocument","POST","/api/v2/EDocument/ShowEDocument","EDocumentShowParam","TResult`1"
"EDocument","SendEDocument","POST","/api/v2/EDocument/SendEDocument","EDocumentSendParam","TResult`1"
"EDocument","CheckEDocument","POST","/api/v2/EDocument/CheckEDocument","EDocumentCheckParam","TResult`1"
"EDocument","EDocCurrentUpdate","POST","/api/v2/EDocument/EDocCurrentUpdate","","TResult`1"
"EDocument","EDocumentResponse","POST","/api/v2/EDocument/EDocumentResponse","EDocumentResponseParam","TResult`1"
"EDocument","EDocumentItemResponse","POST","/api/v2/EDocument/EDocumentItemResponse","EDocumentItemResponseParam","TResult`1"
"EDocument","EArchiveCancellationInvoice","POST","/api/v2/EDocument/EArchiveCancellationInvoice","EArchiveCancelInvoiceParam","TResult`1"
"ExRates","GetInternal","GET","/api/v2/ExRates","SelectFilter","TSelectData`1"
"ExRates","GetInternalById","GET","/api/v2/ExRates/GetInternalById","String","TResult`1"
"ExRates","GetInternalByParam","GET","/api/v2/ExRates/GetInternalByParam","ExRatesParam","TResult`1"
"ExRates","PostInternal","POST","/api/v2/ExRates","ExRates","TResult`1"
"ExRates","PutInternal","PUT","/api/v2/ExRates","String, ExRates","TResult`1"
"ExRates","DeleteInternalById","DELETE","/api/v2/ExRates","String","TResult`1"
"ExRates","DeleteInternalByParam","DELETE","/api/v2/ExRates/DeleteInternalByParam","ExRatesParam","TResult`1"
"FastPayMain","Describe","POST","/api/v2/FastPayMain/Describe","","String"
"FastPayMain","GetInternalById","GET","/api/v2/FastPayMain/GetInternalById","String","TResult`1"
"FastPayMain","PostInternal","POST","/api/v2/FastPayMain","FastPayMain","TResult`1"
"FastPayMain","DeleteInternalById","DELETE","/api/v2/FastPayMain","String","TResult`1"
"FastPayMain","FastPayRefund","POST","/api/v2/FastPayMain/FastPayRefund","FastPayRefundParam","TResult`1"
"FinishedGoodsReceipt","GetInternal","GET","/api/v2/FinishedGoodsReceipt","SelectFilter","TSelectData`1"
"FinishedGoodsReceipt","GetInternalById","GET","/api/v2/FinishedGoodsReceipt/GetInternalById","String","TResult`1"
"FinishedGoodsReceipt","DeleteInternalById","DELETE","/api/v2/FinishedGoodsReceipt","String","TResult`1"
"FinishedGoodsReceipt","PostInternal","POST","/api/v2/FinishedGoodsReceipt","FinishedGoodsReceipt","TResult`1"
"FinishedGoodsReceipt","PutInternal","PUT","/api/v2/FinishedGoodsReceipt","Int32, FinishedGoodsReceipt","TResult`1"
"FinishedGoodsReceiptWChanges","Describe","POST","/api/v2/FinishedGoodsReceiptWChanges/Describe","","String"
"FinishedGoodsReceiptWChanges","GetInternal","GET","/api/v2/FinishedGoodsReceiptWChanges","SelectFilter","TSelectData`1"
"FinishedGoodsReceiptWChanges","GetInternalById","GET","/api/v2/FinishedGoodsReceiptWChanges/GetInternalById","String","TResult`1"
"FinishedGoodsReceiptWChanges","GetFromProductionOrder","GET","/api/v2/FinishedGoodsReceiptWChanges/GetFromProductionOrder","String","TResult`1"
"FinishedGoodsReceiptWChanges","DeleteInternalById","DELETE","/api/v2/FinishedGoodsReceiptWChanges","String","TResult`1"
"FinishedGoodsReceiptWChanges","ReceiptProduce","POST","/api/v2/FinishedGoodsReceiptWChanges/ReceiptProduce","FinishedGoodsReceiptWChanges","TResult`1"
"FinishedGoodsReceiptWChanges","Save","POST","/api/v2/FinishedGoodsReceiptWChanges/Save","FinishedGoodsReceiptWChanges","TResult`1"
"FlexibleConfiguration","Describe","POST","/api/v2/FlexibleConfiguration/Describe","","String"
"FlexibleConfiguration","GetFlexibleConfigurations","GET","/api/v2/FlexibleConfiguration/GetFlexibleConfigurations","FlexibleConfigurationGetParam","TResult`1"
"FlexibleConfiguration","DeleteFlexibleConfiguration","DELETE","/api/v2/FlexibleConfiguration/DeleteFlexibleConfiguration","String","TResult`1"
"FlexibleConfiguration","DefineFlexibleConfigurationProperties","POST","/api/v2/FlexibleConfiguration/DefineFlexibleConfigurationProperties","FlexibleConfigurationDefinePropertiesParam","TResult`1"
"FlexibleConfiguration","AddFlexibleConfigurations","POST","/api/v2/FlexibleConfiguration/AddFlexibleConfigurations","FlexibleConfigurationAddParam","TResult`1"
"ForeignTradeExpenseStatement","Describe","POST","/api/v2/ForeignTradeExpenseStatement/Describe","","String"
"ForeignTradeExpenseStatement","GetInternalById","GET","/api/v2/ForeignTradeExpenseStatement/GetInternalById","String","TResult`1"
"ForeignTradeExpenseStatement","PostInternal","POST","/api/v2/ForeignTradeExpenseStatement","ForeignTradeExpenseStatement","TResult`1"
"ForeignTradeExpenseStatement","PutInternal","PUT","/api/v2/ForeignTradeExpenseStatement","String, ForeignTradeExpenseStatement","TResult`1"
"ForeignTradeExpenseStatement","DeleteInternalById","DELETE","/api/v2/ForeignTradeExpenseStatement","String","TResult`1"
"ForeignTradeExpenseStatement","GetInternal","GET","/api/v2/ForeignTradeExpenseStatement","JTDisTicTip, SelectFilter","TSelectData`1"
"ForExs","GetInternal","GET","/api/v2/ForExs","SelectFilter","TSelectData`1"
"ForExs","GetInternalById","GET","/api/v2/ForExs/GetInternalById","Int32","TResult`1"
"ForExs","PostInternal","POST","/api/v2/ForExs","ForExs","TResult`1"
"ForExs","PutInternal","PUT","/api/v2/ForExs","Int32, ForExs","TResult`1"
"ForExs","DeleteInternalById","DELETE","/api/v2/ForExs","Int32","TResult`1"
"ForExs","RefreshExRatesInternal","POST","/api/v2/ForExs/RefreshExRatesInternal","String","TResult`1"
"GLAccounts","GetInternal","GET","/api/v2/GLAccounts","SelectFilter","TSelectData`1"
"GLAccounts","GetInternalById","GET","/api/v2/GLAccounts/GetInternalById","String","TResult`1"
"GLAccounts","PostInternal","POST","/api/v2/GLAccounts","GLAccounts","TResult`1"
"GLAccounts","PutInternal","PUT","/api/v2/GLAccounts","String, GLAccounts","TResult`1"
"GLAccounts","DeleteInternalById","DELETE","/api/v2/GLAccounts","String","TResult`1"
"GLSlips","Describe","POST","/api/v2/GLSlips/Describe","","String"
"GLSlips","GetInternal","GET","/api/v2/GLSlips","SelectFilter","TSelectData`1"
"GLSlips","GetInternalById","GET","/api/v2/GLSlips/GetInternalById","String","TResult`1"
"GLSlips","GetInternalByParam","GET","/api/v2/GLSlips/GetInternalByParam","GLSlipsParam","TResult`1"
"GLSlips","PostInternal","POST","/api/v2/GLSlips","GLSlips","TResult`1"
"GLSlips","DeleteInternalById","DELETE","/api/v2/GLSlips","String","TResult`1"
"GLSlips","DeleteInternalByParam","DELETE","/api/v2/GLSlips/DeleteInternalByParam","GLSlipsParam","TResult`1"
"ItemCounting","Describe","POST","/api/v2/ItemCounting/Describe","","String"
"ItemCounting","GetInternalById","GET","/api/v2/ItemCounting/GetInternalById","String","TResult`1"
"ItemCounting","PostInternal","POST","/api/v2/ItemCounting","ItemCounting","TResult`1"
"ItemCounting","DeleteInternalById","DELETE","/api/v2/ItemCounting","String","TResult`1"
"ItemCounting","GetItemCountingRecords","GET","/api/v2/ItemCounting/GetItemCountingRecords","String","TResult`1"
"ItemCountingProcessing","Describe","POST","/api/v2/ItemCountingProcessing/Describe","","String"
"ItemCountingProcessing","GetInternal","GET","/api/v2/ItemCountingProcessing","SelectFilter","TSelectData`1"
"ItemCountingProcessing","GetInternalById","GET","/api/v2/ItemCountingProcessing/GetInternalById","String","TResult`1"
"ItemCountingProcessing","PostInternal","POST","/api/v2/ItemCountingProcessing","ItemCountingProcessing","TResult`1"
"ItemCountingProcessing","DeleteInternalById","DELETE","/api/v2/ItemCountingProcessing","String","TResult`1"
"ItemCountingProcessing","ProcessToItemTransactions","POST","/api/v2/ItemCountingProcessing/ProcessToItemTransactions","String","TResult`1"
"ItemCountingProcessing","ProcessToItemTransactionsCancelation","POST","/api/v2/ItemCountingProcessing/ProcessToItemTransactionsCancelation","String","TResult`1"
"ItemSlips","GetInternal","GET","/api/v2/ItemSlips","JTFaturaTip, SelectFilter","TSelectData`1"
"ItemSlips","GetInternalById","GET","/api/v2/ItemSlips/GetInternalById","String","TResult`1"
"ItemSlips","GetInternalByParam","GET","/api/v2/ItemSlips/GetInternalByParam","ItemSlipsParam","TResult`1"
"ItemSlips","PostInternal","POST","/api/v2/ItemSlips","ItemSlips","TResult`1"
"ItemSlips","Calculate","GET","/api/v2/ItemSlips/Calculate","ItemSlips","TResult`1"
"ItemSlips","PutInternal","PUT","/api/v2/ItemSlips","String, ItemSlips","TResult`1"
"ItemSlips","DeleteInternalById","DELETE","/api/v2/ItemSlips","String","TResult`1"
"ItemSlips","DeleteInternalByParam","DELETE","/api/v2/ItemSlips/DeleteInternalByParam","ItemSlipsParam","TResult`1"
"ItemSlips","CustomCustomerMainInfo","GET","/api/v2/ItemSlips/CustomCustomerMainInfo","SelectFilter","TSelectData`1"
"ItemSlips","GetHtmlItemSlips","GET","/api/v2/ItemSlips/GetHtmlItemSlips","ItemSlipsCodeParam","TResult`1"
"ItemSlips","NewEItemSlipsNumber","POST","/api/v2/ItemSlips/NewEItemSlipsNumber","ItemSlipsCodeParam","TResult`1"
"ItemSlips","NewNumber","POST","/api/v2/ItemSlips/NewNumber","ItemSlipsCodeParam","TResult`1"
"ItemSlips","IncrementNumber","PUT","/api/v2/ItemSlips/IncrementNumber","ItemSlipsCodeParam","TResult`1"
"ItemSlips","IrsToFat","POST","/api/v2/ItemSlips/IrsToFat","ItemSlipsDetailParam","TResult`1"
"ItemSlips","SiparisToIrsFat","POST","/api/v2/ItemSlips/SiparisToIrsFat","ItemSlipsDetailParam","TResult`1"
"ItemSlips","ChangeNumber","PUT","/api/v2/ItemSlips/ChangeNumber","ItemSlipsChangeNumberParam","TResult`1"
"ItemSlips","SendEMailDesign","POST","/api/v2/ItemSlips/SendEMailDesign","ItemSlipsCodeParam","TResult`1"
"ItemSlips","ChangeCode","PUT","/api/v2/ItemSlips/ChangeCode","ItemSlipsChangeCodeParam","TResult`1"
"ItemSlips","ContractsOpenPrice","POST","/api/v2/ItemSlips/ContractsOpenPrice","Int32","TResult`1"
"ItemSlips","DeleteItemSlipLinkedWaybill","DELETE","/api/v2/ItemSlips/DeleteItemSlipLinkedWaybill","ItemSlipsParam","TResult`1"
"ItemSlips","NewEWaybillNumber","POST","/api/v2/ItemSlips/NewEWaybillNumber","ItemSlipsCodeParam","TResult`1"
"ItemSlips","OrderRevision","POST","/api/v2/ItemSlips/OrderRevision","OrderRevisionParam","TResult`1"
"ItemSlips","CopyItemSlip","POST","/api/v2/ItemSlips/CopyItemSlip","CopyItemSlipParam","TResult`1"
"ItemSlips","NewEArchiveNumber","POST","/api/v2/ItemSlips/NewEArchiveNumber","String","TResult`1"
"ItemSlips","TopluSiparisToIrsFat","POST","/api/v2/ItemSlips/TopluSiparisToIrsFat","OrderBatchInvoicingPrm","TResult`1"
"ItemSlips","ReadAndSave","GET","/api/v2/ItemSlips/ReadAndSave","ItemSlipsReadAndSaveParam","TResult`1"
"Items","Describe","POST","/api/v2/Items/Describe","","String"
"Items","GetInternal","GET","/api/v2/Items","SelectFilter","TSelectData`1"
"Items","GetInternalById","GET","/api/v2/Items/GetInternalById","String","TResult`1"
"Items","PostInternal","POST","/api/v2/Items","Items","TResult`1"
"Items","PutInternal","PUT","/api/v2/Items","String, Items","TResult`1"
"Items","DeleteInternalById","DELETE","/api/v2/Items","String","TResult`1"
"Items","CustomStockMainInfo","POST","/api/v2/Items/CustomStockMainInfo","SelectFilter","TSelectData`1"
"ItemTransactions","GetInternal","GET","/api/v2/ItemTransactions","SelectFilter","TSelectData`1"
"ItemTransactions","GetInternalById","GET","/api/v2/ItemTransactions/GetInternalById","Int32","TResult`1"
"ItemTransactions","PostInternal","POST","/api/v2/ItemTransactions","ItemTransactions","TResult`1"
"ItemTransactions","PutInternal","PUT","/api/v2/ItemTransactions","Int32, ItemTransactions","TResult`1"
"ItemTransactions","DeleteInternalById","DELETE","/api/v2/ItemTransactions","Int32","TResult`1"
"Login","Login","POST","/api/v2/Login/Login","JLogin","AuthResult"
"Login","RefreshToken","POST","/api/v2/Login/RefreshToken","String","AuthResult"
"MaintenanceOrders","GetInternal","GET","/api/v2/MaintenanceOrders","SelectFilter","TSelectData`1"
"MaintenanceOrders","GetInternalById","GET","/api/v2/MaintenanceOrders/GetInternalById","String","TResult`1"
"MaintenanceOrders","PostInternal","POST","/api/v2/MaintenanceOrders","MaintenanceOrder","TResult`1"
"MaintenanceOrders","PutInternal","PUT","/api/v2/MaintenanceOrders","String, MaintenanceOrder","TResult`1"
"MaintenanceOrders","DeleteInternalById","DELETE","/api/v2/MaintenanceOrders","String","TResult`1"
"MaintenanceOrders","DeleteMaintenanceOrderProcedure","DELETE","/api/v2/MaintenanceOrders/DeleteMaintenanceOrderProcedure","MaintenanceProcedureParam","TResult`1"
"MaintenanceOrders","DeleteMaintenanceOrderProcedureItem","DELETE","/api/v2/MaintenanceOrders/DeleteMaintenanceOrderProcedureItem","MaintenanceProcedureItemParam","TResult`1"
"MaintenanceOrders","DeleteMaintenanceOrderProcedureEmployee","DELETE","/api/v2/MaintenanceOrders/DeleteMaintenanceOrderProcedureEmployee","MaintenanceProcedureEmployeeParam","TResult`1"
"ManualSettlement","Describe","POST","/api/v2/ManualSettlement/Describe","","String"
"ManualSettlement","PrepareManualSettlement","POST","/api/v2/ManualSettlement/PrepareManualSettlement","ManualSettlementPrepareParam","TResult`1"
"ManualSettlement","SaveManualSettlement","POST","/api/v2/ManualSettlement/SaveManualSettlement","ManualSettlementSaveParam","TResult`1"
"ManualSettlement","CancelManualSettlement","POST","/api/v2/ManualSettlement/CancelManualSettlement","ManualSettlementCancelParam","TResult`1"
"MixedReceiptsMain","GetInternalById","GET","/api/v2/MixedReceiptsMain/GetInternalById","String","TResult`1"
"MixedReceiptsMain","GetInternalByParam","GET","/api/v2/MixedReceiptsMain/GetInternalByParam","MixedReceiptsMainParam","TResult`1"
"MixedReceiptsMain","PostInternal","POST","/api/v2/MixedReceiptsMain","MixedReceiptsMain","TResult`1"
"MixedReceiptsMain","DeleteInternalById","DELETE","/api/v2/MixedReceiptsMain","String","TResult`1"
"MixedReceiptsMain","DeleteInternalByParam","DELETE","/api/v2/MixedReceiptsMain/DeleteInternalByParam","MixedReceiptsMainParam","TResult`1"
"Mrp","Describe","POST","/api/v2/Mrp/Describe","","String"
"Mrp","PrepareRequisitionBalancing","POST","/api/v2/Mrp/PrepareRequisitionBalancing","RequisitionBalancingPrm","TResult`1"
"Mrp","SaveRequisitionBalancing","POST","/api/v2/Mrp/SaveRequisitionBalancing","SaveRequisitionBalancingParam","TResult`1"
"Mrp","BalanceAllRequisitions","POST","/api/v2/Mrp/BalanceAllRequisitions","RequisitionBalancingPrm","TResult`1"
"Mrp","GenerateRequirementPlan","POST","/api/v2/Mrp/GenerateRequirementPlan","JMrpGereksinimPlanOlusturPrm","TResult`1"
"Mrp","MaterialRequirementsPlanning","POST","/api/v2/Mrp/MaterialRequirementsPlanning","JMrp","TResult`1"
"Mrp","PrepareProductionOrderBalancing","POST","/api/v2/Mrp/PrepareProductionOrderBalancing","ProductionOrderBalancingPrm","TResult`1"
"Mrp","SaveProductionOrderBalancing","POST","/api/v2/Mrp/SaveProductionOrderBalancing","SaveProductionOrderBalancingParam","TResult`1"
"Mrp","BalanceAllProductionOrders","POST","/api/v2/Mrp/BalanceAllProductionOrders","ProductionOrderBalancingPrm","TResult`1"
"Mrp","PrepareOrderBalancing","POST","/api/v2/Mrp/PrepareOrderBalancing","OrderBalancingPrm","TResult`1"
"Mrp","SaveOrderBalancing","POST","/api/v2/Mrp/SaveOrderBalancing","SaveOrderBalancingParam","TResult`1"
"Mrp","BalanceAllOrders","POST","/api/v2/Mrp/BalanceAllOrders","OrderBalancingPrm","TResult`1"
"Notification","Describe","POST","/api/v2/Notification/Describe","","String"
"Notification","PostInternal","POST","/api/v2/Notification","Notification","TResult`1"
"Operations","LogOut","POST","/api/v2/Operations/LogOut","","TResult`1"
"Operations","Ping","POST","/api/v2/Operations/Ping","","TResult`1"
"Operations","BeginTransaction","POST","/api/v2/Operations/BeginTransaction","","TResult`1"
"Operations","RoolBackTransaction","POST","/api/v2/Operations/RoolBackTransaction","String","TResult`1"
"Operations","CommitTransaction","POST","/api/v2/Operations/CommitTransaction","String","TResult`1"
"PlanningRecord","Describe","POST","/api/v2/PlanningRecord/Describe","","String"
"PlanningRecord","GetInternal","GET","/api/v2/PlanningRecord","SelectFilter","TSelectData`1"
"PlanningRecord","PostInternal","POST","/api/v2/PlanningRecord","PlanningRecord","TResult`1"
"PlanningRecord","PutInternal","PUT","/api/v2/PlanningRecord","String, PlanningRecord","TResult`1"
"PlanningRecord","GetItemPlanningRecord","GET","/api/v2/PlanningRecord/GetItemPlanningRecord","String","TResult`1"
"PlanningRecord","GetCurAccPlanningRecord","GET","/api/v2/PlanningRecord/GetCurAccPlanningRecord","String","TResult`1"
"PlanningRecord","GetCustomerSupplierItemPlanningRecord","GET","/api/v2/PlanningRecord/GetCustomerSupplierItemPlanningRecord","String","TResult`1"
"PlanningRecord","DeleteItemPlanningRecord","DELETE","/api/v2/PlanningRecord/DeleteItemPlanningRecord","ItemPlanningRecordParam","TResult`1"
"PlanningRecord","DeleteCurAccPlanningRecord","DELETE","/api/v2/PlanningRecord/DeleteCurAccPlanningRecord","CurAccPlanningRecordParam","TResult`1"
"PlanningRecord","DeleteCustomerSupplierItemPlanningRecord","DELETE","/api/v2/PlanningRecord/DeleteCustomerSupplierItemPlanningRecord","CustomerSupplierItemPlanningRecordParam","TResult`1"
"Print","ItemSlipsPrinting","POST","/api/v2/Print/ItemSlipsPrinting","ItemSlipsPrintParam","TResult`1"
"Print","GLSlipsPrinting","POST","/api/v2/Print/GLSlipsPrinting","GLSlipsPrintParam","TResult`1"
"Print","CheckAndPNotesMainPrinting","POST","/api/v2/Print/CheckAndPNotesMainPrinting","CheckAndPNotesMainPrintParam","TResult`1"
"Print","StatementsHeaderPrinting","POST","/api/v2/Print/StatementsHeaderPrinting","StatementsHeaderPrintParam","TResult`1"
"Print","SafeDepositsPrinting","POST","/api/v2/Print/SafeDepositsPrinting","SafeDepositPrintParam","TResult`1"
"Print","ItemSlipsItemsBatchBarcodePrinting","POST","/api/v2/Print/ItemSlipsItemsBatchBarcodePrinting","ItemSlipsItemsBatchBarcodePrintParam","TResult`1"
"Print","ItemSlipsItemBarcodePrinting","POST","/api/v2/Print/ItemSlipsItemBarcodePrinting","ItemSlipsItemBarcodePrintParam","TResult`1"
"Print","ItemBarcodePrinting","POST","/api/v2/Print/ItemBarcodePrinting","ItemBarcodePrintingParam","TResult`1"
"ProcessControl","Describe","POST","/api/v2/ProcessControl/Describe","","String"
"ProcessControl","GetInternal","GET","/api/v2/ProcessControl","SelectFilter","TSelectData`1"
"ProcessControl","GetInternalById","GET","/api/v2/ProcessControl/GetInternalById","String","TResult`1"
"ProcessControl","PostInternal","POST","/api/v2/ProcessControl","ProcessControl","TResult`1"
"ProcessControl","PutInternal","PUT","/api/v2/ProcessControl","String, ProcessControl","TResult`1"
"ProcessControl","DeleteInternalById","DELETE","/api/v2/ProcessControl","String","TResult`1"
"ProducerReceipt","GetInternal","GET","/api/v2/ProducerReceipt","SelectFilter","TSelectData`1"
"ProducerReceipt","PostInternal","POST","/api/v2/ProducerReceipt","ProducerReceipt","TResult`1"
"ProducerReceipt","DeleteInternalById","DELETE","/api/v2/ProducerReceipt","String","TResult`1"
"ProducerReceipt","ReadLastNumber","GET","/api/v2/ProducerReceipt/ReadLastNumber","String","TResult`1"
"ProducerReceipt","ChangeProducerNumber","PUT","/api/v2/ProducerReceipt/ChangeProducerNumber","ChangeProducerNumberParam","TResult`1"
"ProductionFlow","Describe","POST","/api/v2/ProductionFlow/Describe","","String"
"ProductionFlow","GetInternal","GET","/api/v2/ProductionFlow","SelectFilter","TSelectData`1"
"ProductionFlow","GetInternalById","GET","/api/v2/ProductionFlow/GetInternalById","String","TResult`1"
"ProductionFlow","PostInternal","POST","/api/v2/ProductionFlow","ProductionFlow","TResult`1"
"ProductionFlow","DeleteInternalById","DELETE","/api/v2/ProductionFlow","String","TResult`1"
"ProductionFlow","ProductionFlowToFinishedGoodsReceipt","POST","/api/v2/ProductionFlow/ProductionFlowToFinishedGoodsReceipt","FinishedGoodsReceiptParam","TResult`1"
"ProductionOrderFromBOM","Describe","POST","/api/v2/ProductionOrderFromBOM/Describe","","String"
"ProductionOrderFromBOM","PrepareProductionOrderItemList","POST","/api/v2/ProductionOrderFromBOM/PrepareProductionOrderItemList","ProductionOrderFromBOMParam","TResult`1"
"ProductionOrderFromBOM","GenerateProductionOrderItems","POST","/api/v2/ProductionOrderFromBOM/GenerateProductionOrderItems","ProductionOrderFromBOMParam","TResult`1"
"ProductionOrder","GetInternal","GET","/api/v2/ProductionOrder","SelectFilter","TSelectData`1"
"ProductionOrder","PostInternal","POST","/api/v2/ProductionOrder","JIsEmri","TResult`1"
"ProductMaterialCost","Describe","POST","/api/v2/ProductMaterialCost/Describe","","String"
"ProductMaterialCost","GenerateProductMaterialCosts","POST","/api/v2/ProductMaterialCost/GenerateProductMaterialCosts","GenerateProductMaterialCostsParam","TResult`1"
"Project","GetInternal","GET","/api/v2/Project","SelectFilter","TSelectData`1"
"Project","GetInternalById","GET","/api/v2/Project/GetInternalById","String","TResult`1"
"Project","PostInternal","POST","/api/v2/Project","Project","TResult`1"
"Project","PutInternal","PUT","/api/v2/Project","String, Project","TResult`1"
"Project","DeleteInternalById","DELETE","/api/v2/Project","String","TResult`1"
"Public","Ping","POST","/api/v2/Public/Ping","","String"
"Public","Version","POST","/api/v2/Public/Version","","String"
"Public","AuthorizedBranches","POST","/api/v2/Public/AuthorizedBranches","String, String","TSelectData`1"
"Public","GetLicInfo","GET","/api/v2/Public/GetLicInfo","String","TResult`1"
"Public","NetsisMinorVersion","POST","/api/v2/Public/NetsisMinorVersion","","JTNetsisAltSurum"
"Public","NetsisMasterVersion","POST","/api/v2/Public/NetsisMasterVersion","","JTNetsisAnaSurum"
"Public","CompanyList","POST","/api/v2/Public/CompanyList","","List`1"
"QualityControls","GetInternal","GET","/api/v2/QualityControls","SelectFilter","TSelectData`1"
"QualityControls","GetInternalById","GET","/api/v2/QualityControls/GetInternalById","String","TResult`1"
"QualityControls","PostInternal","POST","/api/v2/QualityControls","QualityControl","TResult`1"
"QualityControls","PutInternal","PUT","/api/v2/QualityControls","String, QualityControl","TResult`1"
"QualityControls","DeleteInternalById","DELETE","/api/v2/QualityControls","String","TResult`1"
"QualityControls","DeleteQualityControlTransaction","DELETE","/api/v2/QualityControls/DeleteQualityControlTransaction","QualityControlTransactionParam","TResult`1"
"QualityControls","DeleteQualityControlMeasurement","DELETE","/api/v2/QualityControls/DeleteQualityControlMeasurement","QualityControlMeasurementParam","TResult`1"
"Query","GetInternal","GET","/api/v2/Query","QualityControlMeasurementParam",
"Query","PostInternal","POST","/api/v2/Query","QualityControlMeasurementParam",
"Query","NetRS","POST","/api/v2/Query/NetRS","QualityControlMeasurementParam",
"Query","NetRS","POST","/api/v2/Query/NetRS","QualityControlMeasurementParam",
"Request","GetResult","GET","/api/v2/Request/GetResult","","String"
"SafeDeposits","GetInternal","GET","/api/v2/SafeDeposits","SelectFilter","TSelectData`1"
"SafeDeposits","GetInternalById","GET","/api/v2/SafeDeposits/GetInternalById","String","TResult`1"
"SafeDeposits","PostInternal","POST","/api/v2/SafeDeposits","SafeDeposits","TResult`1"
"SafeDeposits","DeleteInternalById","DELETE","/api/v2/SafeDeposits","String","TResult`1"
"SafeDeposits","LastBalance","POST","/api/v2/SafeDeposits/LastBalance","String","TResult`1"
"StatementsHeader","GetInternal","GET","/api/v2/StatementsHeader","SelectFilter","TSelectData`1"
"StatementsHeader","GetInternalById","GET","/api/v2/StatementsHeader/GetInternalById","String","TResult`1"
"StatementsHeader","GetInternalByParam","GET","/api/v2/StatementsHeader/GetInternalByParam","StatementsHeaderParam","TResult`1"
"StatementsHeader","PostInternal","POST","/api/v2/StatementsHeader","StatementsHeader","TResult`1"
"StatementsHeader","PutInternal","PUT","/api/v2/StatementsHeader","String, StatementsHeader","TResult`1"
"StatementsHeader","DeleteInternalById","DELETE","/api/v2/StatementsHeader","String","TResult`1"
"StatementsHeader","DeleteInternalByParam","DELETE","/api/v2/StatementsHeader/DeleteInternalByParam","StatementsHeaderParam","TResult`1"
"StatementsHeader","NewNumber","POST","/api/v2/StatementsHeader/NewNumber","StatementsHeaderParam","TResult`1"
"Token","Get","GET","/api/v2/Token/Get","oAuth2","oAuth2"
"Token","Get","GET","/api/v2/Token/Get","String","oAuth2"
"Token","IsCached","POST","/api/v2/Token/IsCached","oAuth2","Boolean"
"Token","IsCached","POST","/api/v2/Token/IsCached","String","Boolean"
"Token","InsertUpdate","POST","/api/v2/Token/InsertUpdate","oAuth2","Void"
"Token","Clear","POST","/api/v2/Token/Clear","","Void"
"Token","Remove","POST","/api/v2/Token/Remove","oAuth2","Void"
"Token","Remove","POST","/api/v2/Token/Remove","String","Void"
"WorkFlow","GetInternal","GET","/api/v2/WorkFlow","SelectFilter","TSelectData`1"
"WorkFlow","PostInternal","POST","/api/v2/WorkFlow","WorkFlow","TResult`1"
